file,species
728eabae1.png,Charlock
aaf4da98f.png,Sugar
98d819587.png,Purse
b0acaff4a.png,Black-grass
a19c3faca.png,Charlock
800a8c17e.png,Hen
7d4cd07ad.png,Common
35ebe165c.png,Black-grass
fda39e16f.png,Loose
6c874918c.png,Black-grass
24dbc3b21.png,Sugar
bb1c84bbc.png,Silky-bent
0625f063b.png,Common
f3fcfff1b.png,Cleavers
5f04aed97.png,Small-flowered
c6b76307d.png,Cleavers
da4ed3a28.png,Charlock
5af1d74ee.png,Sugar
9fab816f2.png,Hen
ef3e232ad.png,Chickweed
338c7e907.png,Charlock
4c5ab9b68.png,Cleavers
b29339405.png,Silky-bent
851c90831.png,Black-grass
4049a6ea6.png,Loose
c5e88cd42.png,Common
4823c3ffa.png,Loose
d8f4923f8.png,Chickweed
699d3c707.png,beet
bea23d9f8.png,Scentless
0d31e6602.png,Small-flowered
bebcaab66.png,Scentless
8a4d3a1b1.png,Loose
e9cd91682.png,Chickweed
5b3beec58.png,Silky-bent
647689543.png,Silky-bent
b31292706.png,Chickweed
56a01b835.png,Cleavers
4f44ca525.png,Common
90b595f12.png,Chickweed
5817b766d.png,Common
e19ad6ac9.png,Charlock
6da892be6.png,Small-flowered
9b9911f20.png,Scentless
8301b0547.png,Charlock
1c52ea820.png,Fat
a169b71e7.png,Charlock
8b27bfd2b.png,Small-flowered
f445fe6fb.png,Charlock
b130a0632.png,Cleavers
c5e419015.png,Scentless
856f2910a.png,Small-flowered
675ec1b0b.png,Cranesbill
e7077322d.png,Chickweed
3e9f41817.png,Silky-bent
aee6fa3df.png,Loose
085974290.png,Scentless
ce3d280eb.png,Chickweed
33748968f.png,Cleavers
7b21ba6ba.png,beet
a35fd6fbb.png,Chickweed
cb496f36e.png,Silky-bent
d09275360.png,beet
e9d48d664.png,Shepherds
3d67c434b.png,Hen
99036c51d.png,Silky-bent
9b4800b42.png,Charlock
3d65168c2.png,Chickweed
a83820a2c.png,Sugar
8d6991365.png,Black-grass
604dd663f.png,Shepherds
976e4e079.png,Chickweed
cc3d2a59a.png,Sugar
b145ba9d4.png,Scentless
fc6f686fb.png,beet
1fefb54b7.png,Fat
288564c76.png,beet
4392d93cf.png,Hen
8e3ed0a25.png,Cranesbill
17d5e5ac4.png,Silky-bent
4b155fb07.png,Maize
126a71ce0.png,Charlock
1bf9b94a6.png,Mayweed
8a32d0bfa.png,Cranesbill
b1cd2a91e.png,Cleavers
e478c452c.png,Sugar
e82017baa.png,Silky-bent
0ebf8f2f4.png,Maize
e5368474f.png,Scentless
c0bc3997b.png,Mayweed
f4caf74f9.png,Charlock
24a058589.png,Charlock
1c680883c.png,Silky-bent
a1e0a6c02.png,Cleavers
003d61042.png,Fat
8cf909eb3.png,Charlock
6bce55e05.png,Cleavers
35cf9fa01.png,Purse
aad8375e0.png,Shepherds
34dd57ca9.png,Silky-bent
855955aaf.png,Cranesbill
11d3f68ff.png,Loose
beebe5f4e.png,Scentless
456d507c0.png,Cleavers
fe9e87b78.png,Mayweed
bffc08672.png,Mayweed
5a38ac566.png,Silky-bent
26852751a.png,Charlock
bf66b9cd2.png,Maize
a85b48a95.png,Scentless
bfab3e3d0.png,Sugar
65d08b894.png,Sugar
67ce3eaa6.png,Small-flowered
1376f3b63.png,Silky-bent
acdb75e00.png,Loose
0ae6668fa.png,Loose
824f5d4e5.png,Sugar
96f14d90c.png,Sugar
148bbda66.png,Charlock
c4ed8ed38.png,Charlock
8dbb8e1b9.png,Charlock
47f9e5d91.png,Common
a1da8be3c.png,Maize
c06e7c748.png,Mayweed
d488a4fe1.png,wheat
92292055d.png,Chickweed
835dc5447.png,Cranesbill
7f31c7f42.png,Silky-bent
a55d26a4c.png,Common
f85ed9b6d.png,Purse
e1a0e3202.png,Silky-bent
8455169fe.png,wheat
9516e56c4.png,Black-grass
a254d71f6.png,Black-grass
2ff5cb348.png,Sugar
cc74feadc.png,Black-grass
60fea2ef6.png,beet
4a337a4a9.png,Fat
0d117d910.png,Chickweed
5bd71f445.png,Common
a74bf916d.png,Purse
b341d0aab.png,Common
dd9f36df7.png,Cranesbill
41e07778c.png,Cleavers
bb1d1bfd3.png,Cleavers
007b3da8b.png,Sugar
03a2ee656.png,Small-flowered
20f983a71.png,Hen
089ad62a7.png,Chickweed
a2d25b4f3.png,Cranesbill
ef9676433.png,Charlock
686dc7ec8.png,Black-grass
6b721f68e.png,Black-grass
fdea6b119.png,Common
99569b224.png,Common
41f1c3cdb.png,Hen
589e643b8.png,Purse
31f3dd81f.png,Silky-bent
3526b05cc.png,Scentless
a3b375b34.png,Silky-bent
fef2ade8c.png,Sugar
24d78df74.png,Common
29bab7cad.png,Chickweed
e4d5ec761.png,Silky-bent
a85fc8c9a.png,Cranesbill
a8b431a3e.png,Sugar
24c94a6ca.png,beet
3fbf1a417.png,Cleavers
9d79a1f0c.png,Small-flowered
711b46fba.png,Shepherds
7691014a1.png,Charlock
5ee9d0a5b.png,Loose
98062cd87.png,Chickweed
1f5e5554e.png,Cranesbill
e15472085.png,Chickweed
258b1183c.png,Cleavers
429211ee6.png,Fat
8b9144917.png,Small-flowered
55251925f.png,beet
a276c65f7.png,Silky-bent
ad12382d4.png,Loose
3efa1f66c.png,Silky-bent
523e5505c.png,Hen
7f9e9565d.png,Scentless
85431c075.png,Silky-bent
e5064f6be.png,beet
5dcad9a53.png,Small-flowered
20ea96bcc.png,Hen
22fbf13d6.png,Loose
a38b8a581.png,Cranesbill
5bdcfa329.png,Silky-bent
13b9fa92d.png,Sugar
6dd095129.png,Common
b7192c70f.png,wheat
dabea05f4.png,Loose
c10ccbd82.png,Mayweed
953496deb.png,Fat
b9062c1c8.png,beet
599c82eea.png,Scentless
8585f9718.png,Black-grass
60ee66ddd.png,Cleavers
e1abb4ff9.png,beet
5b3000b9a.png,Maize
b3d6fdb80.png,Purse
36d62bf36.png,wheat
e19673dc9.png,Charlock
26e7ae885.png,Hen
a0f37c726.png,Cranesbill
52dc7a4d6.png,Chickweed
07e62f903.png,Maize
71b232519.png,Silky-bent
a060c1cf8.png,Maize
1d56351b2.png,Chickweed
219fd68d5.png,Scentless
2bd74d2da.png,Silky-bent
c88ebfb47.png,Cranesbill
48d97c645.png,Small-flowered
3abb502fb.png,Loose
1be0713da.png,Cleavers
01291174f.png,Hen
c832e4302.png,Hen
fc3e58836.png,Scentless
071cb3ece.png,Sugar
2e86f1085.png,Hen
cadab6616.png,Purse
25fa8d109.png,wheat
08d591441.png,Sugar
4e69d100a.png,Small-flowered
b4f7c9214.png,Black-grass
59358cd44.png,Cranesbill
3fbd0fc6a.png,Chickweed
e14afa235.png,Black-grass
5e6a237f2.png,Sugar
25a4c427e.png,Silky-bent
73260a4ee.png,Hen
e80a259c5.png,Small-flowered
54c8bb900.png,Charlock
1e095a7e1.png,Cranesbill
618de3d7a.png,Charlock
2ea664465.png,Sugar
165681fd9.png,Cleavers
fa5fd1384.png,Shepherds
a9d2eab61.png,Black-grass
8cf2e3e6c.png,Common
bf3924a57.png,Chickweed
fea1d13d6.png,Purse
3d38a87bc.png,Loose
79fba50db.png,Chickweed
0e8492cb1.png,Sugar
19618ad6a.png,beet
995c7ab1e.png,wheat
e721c6ac8.png,Black-grass
c7b07431e.png,Scentless
115f93ecc.png,Loose
14bb43eee.png,Common
04814f36d.png,Scentless
3827436f3.png,Common
9c777333d.png,Chickweed
44e8b8833.png,Small-flowered
0c45ace27.png,Chickweed
486e59179.png,Common
122913909.png,Maize
837ac0270.png,Mayweed
c35efa095.png,Scentless
e901b0f28.png,Fat
caa2fbd79.png,Chickweed
06d12f6fa.png,Purse
eec1079a1.png,Charlock
606647f64.png,Common
fb022edf9.png,Sugar
9df3275da.png,Small-flowered
86676d627.png,Fat
f4021df6c.png,Hen
69d1669f8.png,Charlock
8ece6efec.png,Scentless
6d6eb3830.png,Shepherds
7cabd68cc.png,Loose
f4ad9d950.png,Sugar
0751c0bbc.png,Sugar
f9ea23fb5.png,Hen
446f7da01.png,Silky-bent
eef131644.png,Silky-bent
da231c97f.png,Mayweed
c1ecff98b.png,Silky-bent
98da6ef4e.png,Mayweed
d14aa43f3.png,Cranesbill
fd925f542.png,Common
0f6cbe5e8.png,Maize
33448fe39.png,Silky-bent
5883b423d.png,Scentless
23bc8ec4f.png,Chickweed
808578ed5.png,Charlock
3eebd36c6.png,Charlock
60f0bc617.png,Small-flowered
df521c0c0.png,Loose
19fdf19fb.png,wheat
a2c89c367.png,Charlock
7506c0c02.png,Scentless
974959ec1.png,wheat
1191ba346.png,Cleavers
88d8a4508.png,Maize
78750e0ff.png,Charlock
3edf5e9ef.png,wheat
a8c8a1db0.png,Shepherds
4e18ab737.png,Cleavers
0c27cf05f.png,Loose
23e480e64.png,Purse
9c8b08a24.png,Loose
8311740de.png,Hen
539961189.png,Chickweed
9c32a797e.png,wheat
29f49cd0b.png,Hen
7c85b0265.png,Loose
48231e475.png,Scentless
a006a475c.png,Chickweed
cd6adba97.png,Small-flowered
7f46a71db.png,Sugar
4b032563b.png,Chickweed
410e6f702.png,Small-flowered
ef65533d5.png,Silky-bent
50de8a115.png,Shepherds
026716f9b.png,Silky-bent
c0d9e170b.png,Small-flowered
f1e87cba7.png,Loose
bb20fce02.png,Mayweed
4e1190d78.png,Black-grass
d93c7ab6d.png,Silky-bent
42e7ed442.png,Shepherds
c8f50f0c3.png,wheat
0bf7bfb05.png,Black-grass
ae90f2827.png,Chickweed
043449b0b.png,Sugar
ac75d3326.png,Silky-bent
aa7d098d1.png,Chickweed
9643fc5f4.png,Charlock
48ef6a2ff.png,wheat
dfb1d9012.png,Silky-bent
8303b27ed.png,Silky-bent
93d76fd5d.png,Cranesbill
bb64660b7.png,beet
0ee4ad224.png,Scentless
521b27a17.png,Loose
cbe761896.png,Charlock
d5f7dd60a.png,Scentless
6db684fff.png,Mayweed
c7eb96871.png,wheat
abc331628.png,wheat
35a90f8d0.png,Scentless
391dcd7fd.png,Black-grass
29ce426a1.png,Chickweed
0fb233ad6.png,Small-flowered
5ca2687a4.png,Maize
490c4f9c8.png,Fat
1dc7c45df.png,Silky-bent
53ceb4657.png,Chickweed
d102e1a15.png,Cleavers
060450d79.png,Chickweed
31fcdc161.png,Maize
2a5064f19.png,wheat
46c14fde2.png,Loose
3da774107.png,Fat
6680836dd.png,Sugar
71334c634.png,Maize
76dbd1054.png,Mayweed
ab35453cb.png,Cleavers
5eb9c26a6.png,Loose
97844bfd5.png,Purse
a2b703e21.png,Cranesbill
7d22abf91.png,Scentless
2406d6c99.png,Shepherds
6edb96d45.png,Cleavers
b7a7f6390.png,Hen
63c07d340.png,Sugar
03566743d.png,Hen
f2dc546ca.png,Cleavers
099b961ec.png,Shepherds
ab0f67743.png,Black-grass
0c51bf229.png,Maize
d350a25fa.png,Chickweed
223e4af09.png,Cleavers
d6c8c3c48.png,Cranesbill
958bb9e96.png,Charlock
248436078.png,Cleavers
116b136de.png,Sugar
a74d475c2.png,Common
d41d87796.png,Mayweed
2693e5c65.png,Maize
55a852f40.png,Chickweed
19b51843a.png,Chickweed
e1809cef2.png,Mayweed
406162ef9.png,Charlock
5a6bf96f6.png,Maize
e98e5d1d5.png,Black-grass
1623fb9e1.png,Hen
dc4cd56a3.png,Loose
53e6e9000.png,wheat
22e79540f.png,Cleavers
c75a82234.png,Mayweed
1926e82fd.png,Loose
fea3da57c.png,Sugar
59b2c6f2b.png,Common
fd253a74e.png,Cleavers
78c5fba1d.png,beet
502dff972.png,Cranesbill
2d9c798f9.png,Small-flowered
2126dc71b.png,Chickweed
9aa5587fe.png,Silky-bent
4287d810c.png,Common
ffc6f8527.png,Common
64fe8beb9.png,Mayweed
808cf55c6.png,Purse
30ad31220.png,Charlock
963544aa0.png,Silky-bent
37c3108d6.png,Purse
593896f83.png,Common
a890ac088.png,Charlock
3eda9cbb6.png,Scentless
1821eb11a.png,Scentless
7a38416be.png,Charlock
668c1007c.png,Charlock
809eb0b82.png,Charlock
82b5f4d33.png,Purse
8ab8a958b.png,Hen
5bbc0a255.png,Chickweed
4bbfd1e05.png,Cleavers
d2fd9df40.png,Black-grass
659412b1a.png,Loose
74068643d.png,Silky-bent
2f246d688.png,Cranesbill
ba3ce6b3e.png,Scentless
c60e91e07.png,Loose
ac3193f78.png,Chickweed
6a47821f9.png,Silky-bent
c74c5b7fc.png,Shepherds
866be78b0.png,Chickweed
16467a950.png,Loose
590f5aea6.png,Charlock
d17f48d3b.png,Mayweed
721be0a4a.png,Silky-bent
e4a76885b.png,Maize
534e74d83.png,Maize
9326bda1b.png,Chickweed
d3331e071.png,Fat
592cc5b89.png,Silky-bent
43ede9de9.png,Charlock
6df8e31ea.png,Charlock
a93f940d6.png,Scentless
615d2b0a9.png,Sugar
5bc6595f6.png,Maize
4c8005bbc.png,Silky-bent
770a265f5.png,Small-flowered
5b63dcc21.png,Chickweed
b2706e2b3.png,wheat
17a78fb44.png,wheat
966ae5ad9.png,Silky-bent
90d119d25.png,Mayweed
8a8d6c712.png,Cleavers
55fed435f.png,Maize
8cfd98117.png,Mayweed
592473c83.png,Black-grass
a7bd7cadb.png,Hen
47b7d8e17.png,Small-flowered
756dd5070.png,Chickweed
79d93bc96.png,Loose
78b1bf91a.png,Sugar
b30ab4659.png,Cleavers
38c054379.png,Small-flowered
b39c71707.png,Maize
1f290e016.png,Mayweed
77ccb8b2a.png,Small-flowered
cfb18d262.png,Mayweed
ce15eee52.png,Charlock
ce42adffb.png,Silky-bent
187668bde.png,Scentless
3185294c8.png,Scentless
d7017f701.png,Hen
466bb6d3b.png,Maize
e921021a8.png,Fat
cfd8165e9.png,Charlock
aecfaed64.png,Shepherds
8a30b2de3.png,beet
8f523520c.png,Shepherds
550a8b7e6.png,Small-flowered
3a909ead8.png,Cranesbill
2d992d1fb.png,Silky-bent
8b043093d.png,Cranesbill
00c47e980.png,Sugar
b687160f5.png,Small-flowered
abf8b0772.png,Scentless
752101fdf.png,Small-flowered
0086a6340.png,Common
e73e308be.png,Hen
060f1dc84.png,Purse
b215531dd.png,Cleavers
f9f35cbd4.png,Chickweed
c50335991.png,Hen
b7ad92859.png,Purse
377283a21.png,Maize
7fdb7202d.png,Scentless
71e73a8a0.png,Sugar
e96e57a90.png,Purse
e783f5a4f.png,Sugar
0437393b1.png,Hen
1541bdb2e.png,Maize
f9b6bfb00.png,Cleavers
a935ca110.png,Silky-bent
b026bf8ca.png,Silky-bent
8db450ce3.png,Chickweed
ede6b84b4.png,Cleavers
32c86784b.png,Common
239bdf640.png,Charlock
3b73c3b61.png,Silky-bent
da9ef7858.png,Charlock
79dafec17.png,Silky-bent
a5db42f7d.png,Maize
599691cd9.png,Small-flowered
8170d33c1.png,Maize
9a3f20121.png,Loose
1b6a6494d.png,beet
6ba4ef411.png,Cleavers
c2de6020a.png,Cranesbill
93079d970.png,beet
c63da993b.png,Sugar
d09d24c58.png,Loose
71f5323c5.png,Silky-bent
a0b393945.png,Cranesbill
b5c7fd009.png,Black-grass
f66ae4070.png,Maize
653193c1a.png,wheat
4f83143e1.png,Maize
1cfd91582.png,Charlock
a4b61a4ea.png,Loose
e5e3dccff.png,Common
03e322a29.png,beet
fba8fc78a.png,Loose
86f08e6d1.png,Fat
61b044411.png,Loose
afa446484.png,Small-flowered
f25996db8.png,Small-flowered
5296835a0.png,Cranesbill
3dd52bd2a.png,Cranesbill
d6d80a321.png,Scentless
ef02b4ee7.png,Sugar
cbba27d89.png,Maize
cf3a8b2fd.png,Silky-bent
6982a9d30.png,Cranesbill
24d36c52c.png,Sugar
79e5ea8fa.png,Common
88ac6df54.png,Silky-bent
f8318faf1.png,Scentless
e5297b675.png,Silky-bent
96ecad7a1.png,Cranesbill
59c6a9f95.png,Fat
2d5058a59.png,Chickweed
0911d3dee.png,Common
c10db7ae2.png,Maize
a8da9c08d.png,Charlock
c26ccf73c.png,Common
e471f1d3a.png,Charlock
780defa2e.png,Common
f4234cf4f.png,Hen
32b42c120.png,Small-flowered
fadc6adbc.png,Charlock
edfdb4aeb.png,Scentless
d689256be.png,Black-grass
897e5a8de.png,Cleavers
6b9d6f8c9.png,Sugar
da5255450.png,Chickweed
16357b436.png,Loose
c0f5d9ac8.png,Cranesbill
df11d56a7.png,Sugar
dcd7ff249.png,Scentless
205df1df3.png,Hen
80e299ae9.png,Shepherds
0a64e3e6c.png,Black-grass
8e2e5604e.png,Sugar
dc55449b2.png,Sugar
c5078bac5.png,Loose
862b8e7a0.png,Sugar
cf46d09c5.png,Common
0c5f6c493.png,Silky-bent
f0ffa00bd.png,beet
f23faf9c1.png,Loose
d2f0f326e.png,Fat
8e29abce1.png,Scentless
892e9d6c6.png,Mayweed
66ab0e8d0.png,Charlock
87608f7aa.png,Charlock
270b939cf.png,Chickweed
56112b92c.png,Cranesbill
b3e08b037.png,Fat
36839d5e9.png,Scentless
65e97117e.png,Silky-bent
948cdb277.png,Cleavers
1f3f44563.png,Maize
b944a49ca.png,Silky-bent
e5881dd33.png,Hen
df7cb5f87.png,Chickweed
19e58cc5e.png,Chickweed
2df78338c.png,Chickweed
afcf6abd5.png,Small-flowered
54b3afd58.png,Cleavers
dce2f6612.png,Chickweed
7b52585da.png,Silky-bent
3bbef3ecb.png,Mayweed
4ea7493d5.png,Sugar
721b2c47a.png,Hen
59e1cea8d.png,Cleavers
c64370a72.png,Sugar
8916793ce.png,Small-flowered
ace8761dd.png,Chickweed
eaf0815e2.png,Small-flowered
2a667e099.png,Hen
3f92d8039.png,Silky-bent
2dd5cfba9.png,Shepherds
8c9953903.png,Hen
efe19dc32.png,Charlock
c7051c902.png,Chickweed
d0cdc768f.png,wheat
f351ce097.png,Silky-bent
7e9cf1c46.png,Chickweed
39c8fde99.png,Silky-bent
cd5f0db1c.png,Cranesbill
d89db156f.png,Small-flowered
e84464f5a.png,Small-flowered
c7ae30f3a.png,Mayweed
adb7a032c.png,Loose
a800caead.png,Sugar
063363305.png,Small-flowered
b98327bf4.png,Mayweed
c0461776c.png,Chickweed
0ad9e7dfb.png,Sugar
b47691c08.png,Scentless
8e4eaeec0.png,Common
827279bad.png,Scentless
e6f1211a2.png,Sugar
8bc0261c9.png,Loose
1d0cbd819.png,Silky-bent
fea355851.png,Loose
bd72d4d8a.png,Scentless
32a8c8a1d.png,Loose
33317fc2a.png,Fat
e52493d0b.png,Common
6edc76e7c.png,Fat
558aa7deb.png,Black-grass
ff65bc002.png,Charlock
4bbf1f6ea.png,Purse
785a73ab8.png,Chickweed
0caeda5df.png,wheat
ef74dbcad.png,Mayweed
67e185673.png,Cranesbill
76555b064.png,Loose
12625488b.png,Hen
05341a8a6.png,Scentless
4ac29bbf0.png,Chickweed
9cce7328c.png,Loose
632156793.png,Cleavers
f48916a8c.png,Scentless
bdde957ec.png,Mayweed
be341dbdc.png,Loose
9d3cb4745.png,Common
1694a70e4.png,Scentless
8874bba69.png,Loose
52a87abe5.png,Hen
406ecb5c5.png,Charlock
00ef713a8.png,Chickweed
d563be369.png,Hen
1b490196c.png,Shepherds
5c3cd7ea2.png,Scentless
8d6acbe9b.png,Common
bd789d151.png,Chickweed
5779fe8b4.png,Hen
4c7838de4.png,Chickweed
a8388a37f.png,Fat
7696badea.png,Black-grass
d9c50616e.png,Sugar
d668409ff.png,Black-grass
e15fce4f2.png,Mayweed
65489944f.png,Shepherds
1758a1baf.png,Chickweed
b4c3df835.png,Maize
91e469b4a.png,Charlock
20e562fd5.png,Sugar
d84d37a61.png,Common
ec08a5d56.png,Small-flowered
780bd2a2c.png,Sugar
74fd477eb.png,Common
f33e9d918.png,Scentless
1d48b7564.png,Silky-bent
a8de7c1b7.png,Loose
ef7a5651d.png,Chickweed
16fd2e01a.png,Small-flowered
2f0004a7f.png,wheat
8ca6140ca.png,Loose
d01873fdd.png,Loose
241e6935a.png,Sugar
fbf88b6be.png,Charlock
37297a64c.png,Common
3f826b318.png,Common
39b740f7e.png,Loose
f4e7733d4.png,Cranesbill
d515398fd.png,Loose
af45e222a.png,Scentless
1312065a5.png,Cranesbill
c6c8d4ba0.png,Silky-bent
5ca0205f9.png,Charlock
4bcdaa5e2.png,Cleavers
7beb2766f.png,Scentless
be2499cf4.png,Black-grass
a3d0031fd.png,Loose
4e9d3765f.png,Charlock
87f627bf9.png,Chickweed
20817c846.png,Mayweed
279df95f2.png,Sugar
1d321253f.png,Hen
61dd2cdc5.png,Common
d6d31dcbe.png,Scentless
a544fc46d.png,Mayweed
37714071b.png,Shepherds
03ef36742.png,Scentless
cec5bf198.png,Cleavers
6049234e6.png,Fat
d2f422ccb.png,Chickweed
17529c555.png,Scentless
444473900.png,Hen
97b2f0a10.png,Small-flowered
754b1adf8.png,Cranesbill
39858776a.png,Cleavers
e88bf0db9.png,Small-flowered
b03397525.png,Loose
de0b79659.png,Hen
e3f50adfc.png,Cleavers
25cf6eb73.png,Maize
55920f07f.png,Maize
0021e90e4.png,Small-flowered
59f62ad1d.png,Black-grass
0dba99002.png,Sugar
b6a3f7876.png,Black-grass
9c0c5b731.png,Silky-bent
65e262a6d.png,Charlock
172f9b10b.png,Purse
cb76a7766.png,Hen
02cfeb38d.png,Silky-bent
bb7621cb3.png,Fat
9baf94467.png,Sugar
fd87b36ae.png,Silky-bent
3f64c2c1b.png,wheat
36ed4f215.png,Common
00d090cde.png,Silky-bent
506347cfe.png,Mayweed
6a41bf95b.png,Scentless
fda0b5c38.png,wheat
fe29629fb.png,Scentless
6be169e41.png,Purse
b573b7a56.png,Silky-bent
8faadb6a8.png,beet
da713c465.png,Black-grass
3ebbe9ca4.png,Charlock
c069fc3fa.png,Hen
e0ec5b6a1.png,beet
39d569be4.png,Loose
cae684f8f.png,Charlock
5315c2dca.png,Silky-bent
8104422bb.png,Common
f593c9cf0.png,Sugar
dd5ec63d9.png,beet
8c98a6e9b.png,Silky-bent
d0152bd7c.png,Hen
1459e96a0.png,Cleavers
dabe3e5be.png,Small-flowered
664194d19.png,Small-flowered
2b55a2da2.png,Charlock
b6f3d8b5d.png,Scentless
86c309150.png,Sugar
f6d250856.png,Shepherds
b62dca166.png,Hen
969a851be.png,Mayweed
fa9f3a8f9.png,Cleavers
f1f7c833f.png,Shepherds
37e545a60.png,Chickweed
1364b297a.png,Cleavers
75cb95e91.png,Charlock
7615e52d3.png,Cleavers
0c4199daa.png,Silky-bent
177d7e2a4.png,Common
7d3045fc3.png,Sugar
b828443ff.png,Maize
c85ef220d.png,Chickweed
6908fb540.png,Sugar
0885e7690.png,Mayweed
cf90fc52d.png,Maize
3281183f9.png,Scentless
8e6ec1ca6.png,Cranesbill
74d810f87.png,Loose
